{
  "name": "uikit",
  "version": "2.27.5",
  "homepage": "http://getuikit.com",
  "main": [
    "css/uikit.min.css",
    "js/uikit.min.js",
    "fonts/fontawesome-webfont.ttf",
    "fonts/fontawesome-webfont.woff",
    "fonts/fontawesome-webfont.woff2",
    "fonts/FontAwesome.otf"
  ],
  "dependencies": {
    "jquery": "~2.1.0"
  },
  "ignore": [
    "node_modules",
    "bower_components",
    "docs",
    "vendor",
    "composer.json",
    "index.html"
  ],
  "_release": "2.27.5",
  "_resolution": {
    "type": "version",
    "tag": "2.27.5",
    "commit": "3329a7c7dec7a895bd221bffc5d170048710e8f4"
  },
  "_source": "https://github.com/uikit/uikit.git",
  "_target": "*",
  "_originalSource": "uikit"
}